mae,rmse,r2,mape,accuracy
66781.73028388733,79665.50068015502,-1.429917611105334,26.832114332698616,85
